rt,coh,choice,c
0.407881223120882,-0.512,0,1
0.419614413026045,-0.512,0,1
0.394256345099143,-0.512,0,1
0.410888764418111,-0.512,0,1
0.397466560900512,-0.512,0,1
0.371737562360253,-0.512,0,1
0.431440060881498,-0.512,0,1
0.395168278000918,-0.512,0,1
0.395495410441773,-0.512,0,1
0.398462537840834,-0.512,0,1
0.377860733030412,-0.512,0,1
0.406794328871778,-0.512,0,1
0.382274284920748,-0.512,0,1
0.434137851279653,-0.512,0,1
0.42570122029399,-0.512,0,1
0.386739972809644,-0.512,0,1
0.405847915270217,-0.512,0,1
0.414214249457361,-0.512,0,1
0.392682210361478,-0.512,0,1
0.416723069468625,-0.512,0,1
0.388996701205336,-0.512,0,1
0.39332500769858,-0.512,0,1
0.379876528847994,-0.512,0,1
0.413158209346406,-0.512,0,1
0.409686518455396,-0.512,0,1
0.410206714154429,-0.512,0,1
0.397796304329789,-0.512,0,1
0.411454975530783,-0.512,0,1
0.437897684488624,-0.512,0,1
0.377319708412092,-0.512,0,1
0.410451992479567,-0.512,0,1
0.423517805054642,-0.512,0,1
0.409652882936879,-0.512,0,1
0.407475301626884,-0.512,0,1
0.400119542373042,-0.512,0,1
0.418536950745844,-0.512,0,1
0.390049222785956,-0.512,0,1
0.423519209565148,-0.512,0,1
0.395633394527958,-0.512,0,1
0.355993748639382,-0.512,0,1
0.397444129057973,-0.512,0,1
0.425551499102379,-0.512,0,1
0.453657252269223,-0.512,0,1
0.437471539135122,-0.512,0,1
0.415092902424305,-0.512,0,1
0.402601056082321,-0.512,0,1
0.406803586418159,-0.512,0,1
0.386124791845488,-0.512,0,1
0.353178035705857,-0.512,0,1
0.421628780683813,-0.512,0,1
0.383366458046461,-0.512,0,1
0.398091934368012,-0.512,0,1
0.408097518586128,-0.512,0,1
0.412132509601456,-0.512,0,1
0.403926377066988,-0.512,0,1
0.39200678522686,-0.512,0,1
0.400931048935009,-0.512,0,1
0.371576323933935,-0.512,0,1
0.434372491060247,-0.512,0,1
0.449804191451862,-0.512,0,1
0.410352749432517,-0.512,0,1
0.431216766030754,-0.512,0,1
0.367189850951723,-0.512,0,1
0.386678381048345,-0.512,0,1
0.398086997058062,-0.512,0,1
0.431074677038906,-0.512,0,1
0.365655780045063,-0.512,0,1
0.402248906550669,-0.512,0,1
0.408182875914134,-0.512,0,1
0.397679849393688,-0.512,0,1
0.382869665354171,-0.512,0,1
0.413810029716672,-0.512,0,1
0.458913413545588,-0.512,0,1
0.418540294819899,-0.512,0,1
0.437110334940202,-0.512,0,1
0.390195907636826,-0.512,0,1
0.423241039151192,-0.512,0,1
0.370220458198291,-0.512,0,1
0.393172484127922,-0.512,0,1
0.422447891864258,-0.512,0,1
0.390271986551819,-0.512,0,1
0.404864901614303,-0.512,0,1
0.416022065801713,-0.512,0,1
0.421383403068839,-0.512,0,1
0.431823926861191,-0.512,0,1
0.402332040970312,-0.512,0,1
0.412928578285506,-0.512,0,1
0.422406206666806,-0.512,0,1
0.377429135163061,-0.512,0,1
0.418250752236961,-0.512,0,1
0.424915468456017,-0.512,0,1
0.414075500739174,-0.512,0,1
0.38496652779284,-0.512,0,1
0.417527679467224,-0.512,0,1
0.411295740661198,-0.512,0,1
0.395384568369261,-0.512,0,1
0.346653755827471,-0.512,0,1
0.413393553396403,-0.512,0,1
0.401353963027404,-0.512,0,1
0.422967509700076,-0.512,0,1
0.366622274828552,-0.512,0,1
0.387132733689798,-0.512,0,1
0.440506450887321,-0.512,0,1
0.391141580044167,-0.512,0,1
0.400468199099396,-0.512,0,1
0.40109732182428,-0.512,0,1
0.410840564741535,-0.512,0,1
0.417422139539021,-0.512,0,1
0.388906500458988,-0.512,0,1
0.386785451821563,-0.512,0,1
0.402243070116817,-0.512,0,1
0.398735168294845,-0.512,0,1
0.436635350912479,-0.512,0,1
0.404927445174369,-0.512,0,1
0.439601233046839,-0.512,0,1
0.391676601537183,-0.512,0,1
0.426954485141767,-0.512,0,1
0.403991485430523,-0.512,0,1
0.405970006377349,-0.512,0,1
0.416117939798614,-0.512,0,1
0.393488800446723,-0.512,0,1
0.410352559559774,-0.512,0,1
0.421634125122678,-0.512,0,1
0.397549510251058,-0.512,0,1
0.418663709497008,-0.512,0,1
0.411821594961141,-0.512,0,1
0.448034473980716,-0.512,0,1
0.402942740874311,-0.512,0,1
0.389912447829935,-0.512,0,1
0.381966616571121,-0.512,0,1
0.425864472014039,-0.512,0,1
0.409784206433688,-0.512,0,1
0.378158213920011,-0.512,0,1
0.404076461218101,-0.512,0,1
0.404086155502299,-0.512,0,1
0.399484899592852,-0.512,0,1
0.405681818307166,-0.512,0,1
0.404106602289906,-0.512,0,1
0.399699201710229,-0.512,0,1
0.400596951768858,-0.512,0,1
0.384693043294052,-0.512,0,1
0.359204202037687,-0.512,0,1
0.432189152589073,-0.512,0,1
0.420560574779386,-0.512,0,1
0.402530648826923,-0.512,0,1
0.368489322518386,-0.512,0,1
0.413060090199909,-0.512,0,1
0.410556757540371,-0.512,0,1
0.393172083174289,-0.512,0,1
0.420876347396905,-0.512,0,1
0.431888934640456,-0.512,0,1
0.364087036340105,-0.512,0,1
0.394204322209876,-0.512,0,1
0.399463671763959,-0.512,0,1
0.394463976414987,-0.512,0,1
0.38351823677958,-0.512,0,1
0.434295828605871,-0.512,0,1
0.394361037556751,-0.512,0,1
0.384357338665784,-0.512,0,1
0.414792763899186,-0.512,0,1
0.395039388825955,-0.512,0,1
0.412661262582282,-0.512,0,1
0.391110206092273,-0.512,0,1
0.399374289151283,-0.512,0,1
0.412156042804616,-0.512,0,1
0.393568308039976,-0.512,0,1
0.413403883169802,-0.512,0,1
0.432623953890901,-0.512,0,1
0.419127588382199,-0.512,0,1
0.426754659870099,-0.512,0,1
0.352889161153683,-0.512,0,1
0.426422554675448,-0.512,0,1
0.364341250096456,-0.512,0,1
0.343237033636574,-0.512,0,1
0.391771898455427,-0.512,0,1
0.408739504035473,-0.512,0,1
0.38259903128231,-0.512,0,1
0.397333812198979,-0.512,0,1
0.438729704929841,-0.512,0,1
0.412471358855662,-0.512,0,1
0.408562812908638,-0.512,0,1
0.405605843632655,-0.512,0,1
0.418239141344405,-0.512,0,1
0.421516649354521,-0.512,0,1
0.418561177709819,-0.512,0,1
0.447256115041927,-0.512,0,1
0.420684831488726,-0.512,0,1
0.416550722118967,-0.512,0,1
0.409990129612396,-0.512,0,1
0.383758323171585,-0.512,0,1
0.395229698980064,-0.512,0,1
0.401080601551036,-0.512,0,1
0.395901404508368,-0.512,0,1
0.388701547131462,-0.512,0,1
0.42299955140949,-0.512,0,1
0.405598489041238,-0.512,0,1
0.377080675906443,-0.512,0,1
0.433227822565955,-0.512,0,1
0.382620734326201,-0.512,0,1
0.332677422088872,-0.512,0,1
0.413065258195392,-0.256,1,0
0.423023113679591,-0.256,1,0
0.436439667978767,-0.256,0,1
0.459895538611736,-0.256,0,1
0.533234887262103,-0.256,0,1
0.40748221099236,-0.256,0,1
0.522927311323909,-0.256,0,1
0.406216927443822,-0.256,0,1
0.438402131796763,-0.256,0,1
0.400506262659353,-0.256,0,1
0.401539466790095,-0.256,0,1
0.427232140254308,-0.256,0,1
0.471535569906979,-0.256,0,1
0.471772556436792,-0.256,0,1
0.510653460549668,-0.256,0,1
0.581285573961586,-0.256,0,1
0.463154289441031,-0.256,0,1
0.533994420740196,-0.256,0,1
0.51552098581237,-0.256,0,1
0.540042758788732,-0.256,0,1
0.429100389238217,-0.256,0,1
0.50179040813908,-0.256,0,1
0.430100426767731,-0.256,0,1
0.55205632264917,-0.256,0,1
0.475286214709407,-0.256,0,1
0.544063363147477,-0.256,0,1
0.456831985927165,-0.256,0,1
0.476284273839508,-0.256,0,1
0.46472532041503,-0.256,0,1
0.432623784003094,-0.256,0,1
0.491939287128368,-0.256,0,1
0.513027416211756,-0.256,0,1
0.433555361825618,-0.256,0,1
0.590352634185337,-0.256,0,1
0.516254152221419,-0.256,0,1
0.377309873303252,-0.256,0,1
0.571329406531587,-0.256,0,1
0.585281526179959,-0.256,0,1
0.439466035535739,-0.256,0,1
0.434342011633404,-0.256,0,1
0.442864765727541,-0.256,0,1
0.474392485866875,-0.256,0,1
0.414573332076207,-0.256,0,1
0.531613568982457,-0.256,0,1
0.441827906959019,-0.256,0,1
0.369703269512734,-0.256,0,1
0.394145804950172,-0.256,0,1
0.409913234029941,-0.256,0,1
0.436893741389494,-0.256,0,1
0.49267303602997,-0.256,0,1
0.697494013295072,-0.256,0,1
0.607096230795419,-0.256,0,1
0.400072257514506,-0.256,0,1
0.478627655795776,-0.256,0,1
0.472244064620188,-0.256,0,1
0.602676064888256,-0.256,0,1
0.59488839532454,-0.256,0,1
0.432205189507733,-0.256,0,1
0.426630905769476,-0.256,0,1
0.435360249272751,-0.256,0,1
0.403435219029687,-0.256,0,1
0.394323483952563,-0.256,0,1
0.452191892815689,-0.256,0,1
0.398446333261613,-0.256,0,1
0.475772772908349,-0.256,0,1
0.415832154962337,-0.256,0,1
0.453134521615853,-0.256,0,1
0.579156668405924,-0.256,0,1
0.385332369887,-0.256,0,1
0.473051379808892,-0.256,0,1
0.539128920584616,-0.256,0,1
0.850371471452475,-0.256,0,1
0.39221089939919,-0.256,0,1
0.484737978223457,-0.256,0,1
0.44891653485458,-0.256,0,1
0.554083640727149,-0.256,0,1
0.471726801615887,-0.256,0,1
0.430045638710792,-0.256,0,1
0.430612338330299,-0.256,0,1
0.439689049240471,-0.256,0,1
0.457594086747958,-0.256,0,1
0.507070078677096,-0.256,0,1
0.445993475596523,-0.256,0,1
0.41925829740753,-0.256,0,1
0.484830273883495,-0.256,0,1
0.434104373838676,-0.256,0,1
0.458148379640133,-0.256,0,1
0.442578334871023,-0.256,0,1
0.577433109679772,-0.256,0,1
0.443737234107038,-0.256,0,1
0.458402623325912,-0.256,0,1
0.437349121701745,-0.256,0,1
0.677307845445838,-0.256,0,1
0.463917278697612,-0.256,0,1
0.511823684863447,-0.256,0,1
0.530975833122776,-0.256,0,1
0.473370769347331,-0.256,0,1
0.416671231121972,-0.256,0,1
0.415147764302416,-0.256,0,1
0.427443919289455,-0.256,0,1
0.466296845143888,-0.256,0,1
0.48867892440745,-0.256,0,1
0.440561931113962,-0.256,0,1
0.511813044000196,-0.256,0,1
0.405900346400546,-0.256,0,1
0.50872772477211,-0.256,0,1
0.385932107569474,-0.256,0,1
0.402471524042642,-0.256,0,1
0.6080916762463,-0.256,0,1
0.362659817759468,-0.256,0,1
0.427413237523126,-0.256,0,1
0.489321052697033,-0.256,0,1
0.420266446032781,-0.256,0,1
0.469787199310659,-0.256,0,1
0.402828257287881,-0.256,0,1
0.48600511729643,-0.256,0,1
0.466567244490052,-0.256,0,1
0.426008121251197,-0.256,0,1
0.438964285701163,-0.256,0,1
0.415465244984689,-0.256,0,1
0.396530570291236,-0.256,0,1
0.403798802307353,-0.256,0,1
0.595677166220838,-0.256,0,1
0.461301131798023,-0.256,0,1
0.44385991413442,-0.256,0,1
0.397652608713203,-0.256,0,1
0.414125025194891,-0.256,0,1
0.62428137996774,-0.256,0,1
0.550012940339229,-0.256,0,1
0.399494002544213,-0.256,0,1
0.488642899211004,-0.256,0,1
0.486444894627322,-0.256,0,1
0.512196864124866,-0.256,0,1
0.389160456171714,-0.256,0,1
0.389068426655901,-0.256,0,1
0.4017288585036,-0.256,0,1
0.500099887468063,-0.256,0,1
0.434968700981491,-0.256,0,1
0.462435554664232,-0.256,0,1
0.51398857356995,-0.256,0,1
0.489856515021995,-0.256,0,1
0.414556394096723,-0.256,0,1
0.405002730123279,-0.256,0,1
0.378587408468091,-0.256,0,1
0.396035704097511,-0.256,0,1
0.471336602992595,-0.256,0,1
0.479857647098127,-0.256,0,1
0.555541619423618,-0.256,0,1
0.550590942129649,-0.256,0,1
0.461495971263558,-0.256,0,1
0.418350179181592,-0.256,0,1
0.419975004201624,-0.256,0,1
0.42872902162939,-0.256,0,1
0.479936240736499,-0.256,0,1
0.550111317550327,-0.256,0,1
0.450324537913213,-0.256,0,1
0.382139247297668,-0.256,0,1
0.455737329387444,-0.256,0,1
0.541776110178052,-0.256,0,1
0.559226187429246,-0.256,0,1
0.438902753540007,-0.256,0,1
0.376571904099972,-0.256,0,1
0.423964623948541,-0.256,0,1
0.431515553323747,-0.256,0,1
0.457350836755687,-0.256,0,1
0.467230197334605,-0.256,0,1
0.420863608648158,-0.256,0,1
0.524601851354599,-0.256,0,1
0.412816681773068,-0.256,0,1
0.428718549603143,-0.256,0,1
0.477746880168168,-0.256,0,1
0.451790436605403,-0.256,0,1
0.565871542854665,-0.256,0,1
0.42436422105069,-0.256,0,1
0.41395873411399,-0.256,0,1
0.494941040642993,-0.256,0,1
0.424101869762059,-0.256,0,1
0.50242526593207,-0.256,0,1
0.454854466381476,-0.256,0,1
0.456823100102453,-0.256,0,1
0.404894902393961,-0.256,0,1
0.453262162682566,-0.256,0,1
0.46081681653185,-0.256,0,1
0.464093645402349,-0.256,0,1
0.430635891930659,-0.256,0,1
0.414534837009177,-0.256,0,1
0.455119311852606,-0.256,0,1
0.493378707819997,-0.256,0,1
0.460615393450861,-0.256,0,1
0.374125712887565,-0.256,0,1
0.459907759564876,-0.256,0,1
0.462647642571894,-0.256,0,1
0.483444932692966,-0.256,0,1
0.477694365981933,-0.256,0,1
0.58730489633564,-0.256,0,1
0.412971878240818,-0.256,0,1
0.495002299797656,-0.256,0,1
0.387621877273799,-0.256,0,1
0.452102223039484,-0.256,0,1
0.428563090933019,-0.256,0,1
0.491908356989368,-0.128,1,0
0.671878109568415,-0.128,1,0
0.76967649828618,-0.128,1,0
0.624587245169237,-0.128,1,0
0.481264481366145,-0.128,0,1
0.463593409272158,-0.128,0,1
1.00747877179302,-0.128,0,1
0.858043515779572,-0.128,0,1
0.522759865386205,-0.128,0,1
0.673522784533595,-0.128,0,1
0.463705430332547,-0.128,0,1
1.28677956882511,-0.128,0,1
0.740917120010041,-0.128,0,1
0.604250279392812,-0.128,0,1
0.504110620764484,-0.128,0,1
0.92884603174264,-0.128,0,1
0.423752179680728,-0.128,0,1
0.622547861795008,-0.128,0,1
0.66855343397368,-0.128,0,1
0.614834800989735,-0.128,0,1
0.449415835484081,-0.128,0,1
0.406287348057419,-0.128,0,1
0.696134912329193,-0.128,0,1
0.419041565715377,-0.128,0,1
0.502051222740436,-0.128,0,1
0.785359874830038,-0.128,0,1
0.416994779119005,-0.128,0,1
0.636045163603191,-0.128,0,1
0.493787932497499,-0.128,0,1
0.849449267748749,-0.128,0,1
0.53496589942213,-0.128,0,1
0.413178942953513,-0.128,0,1
0.559918727165637,-0.128,0,1
0.633462068747261,-0.128,0,1
0.715604092916516,-0.128,0,1
0.663978393088464,-0.128,0,1
0.912847703401073,-0.128,0,1
0.388422389124295,-0.128,0,1
0.502472741650321,-0.128,0,1
0.506286428022238,-0.128,0,1
0.460251520567378,-0.128,0,1
0.550655928277753,-0.128,0,1
0.481256559372349,-0.128,0,1
0.419418072967173,-0.128,0,1
0.486183370651395,-0.128,0,1
0.563929618494812,-0.128,0,1
0.496381624490261,-0.128,0,1
0.515842797041489,-0.128,0,1
0.69872829907506,-0.128,0,1
0.842471475299449,-0.128,0,1
1.32906463385815,-0.128,0,1
0.476831316063715,-0.128,0,1
0.499796973534795,-0.128,0,1
0.828373429365004,-0.128,0,1
1.01943807113149,-0.128,0,1
0.541920106484211,-0.128,0,1
0.475217583785681,-0.128,0,1
0.464664003183263,-0.128,0,1
0.532875084451925,-0.128,0,1
0.527898721167295,-0.128,0,1
0.689144191413012,-0.128,0,1
0.996753258660009,-0.128,0,1
0.410486210126662,-0.128,0,1
0.64457939377369,-0.128,0,1
0.494765619357206,-0.128,0,1
0.469680531617246,-0.128,0,1
0.516706399943463,-0.128,0,1
0.512868305754656,-0.128,0,1
0.41567855297417,-0.128,0,1
0.599894021621236,-0.128,0,1
0.426284293105247,-0.128,0,1
0.424347751973904,-0.128,0,1
0.510786919413794,-0.128,0,1
0.608890452333236,-0.128,0,1
0.508355915755848,-0.128,0,1
0.592050688054987,-0.128,0,1
0.509796426177474,-0.128,0,1
0.415659106140309,-0.128,0,1
0.582417661703015,-0.128,0,1
1.13491870638062,-0.128,0,1
0.597669348639061,-0.128,0,1
0.534206808939528,-0.128,0,1
0.79367683745477,-0.128,0,1
0.544155207139089,-0.128,0,1
1.00287433362672,-0.128,0,1
0.841383510560688,-0.128,0,1
0.438899748953576,-0.128,0,1
0.444561774719453,-0.128,0,1
0.643660130567358,-0.128,0,1
0.840645887644227,-0.128,0,1
0.932305475587995,-0.128,0,1
0.518901888613079,-0.128,0,1
0.458482178014068,-0.128,0,1
0.539111099741321,-0.128,0,1
0.784970721900533,-0.128,0,1
0.661676502573997,-0.128,0,1
0.580976554050375,-0.128,0,1
1.2693790087426,-0.128,0,1
0.796970203183076,-0.128,0,1
0.390045652266824,-0.128,0,1
0.511260718208756,-0.128,0,1
0.523955129031669,-0.128,0,1
0.523159614133611,-0.128,0,1
1.08564357362084,-0.128,0,1
0.533853836623269,-0.128,0,1
0.461095484758324,-0.128,0,1
1.32363411311487,-0.128,0,1
0.668826670615615,-0.128,0,1
0.594667428486752,-0.128,0,1
0.610456998653234,-0.128,0,1
0.446021574724441,-0.128,0,1
0.413951379428361,-0.128,0,1
0.478753684162309,-0.128,0,1
1.00439965569766,-0.128,0,1
0.869667040061742,-0.128,0,1
0.552776180055457,-0.128,0,1
0.444903574489459,-0.128,0,1
0.575131264337818,-0.128,0,1
0.625668753760901,-0.128,0,1
0.490605084058532,-0.128,0,1
1.00197162491133,-0.128,0,1
0.48251969188752,-0.128,0,1
0.510331819959827,-0.128,0,1
0.894007900511572,-0.128,0,1
0.618436447569932,-0.128,0,1
0.547213923809171,-0.128,0,1
0.71035516092402,-0.128,0,1
1.08443666474344,-0.128,0,1
0.418731767258714,-0.128,0,1
0.900641199905464,-0.128,0,1
0.606963901876572,-0.128,0,1
0.402771528330833,-0.128,0,1
0.450877708120648,-0.128,0,1
0.559958399017407,-0.128,0,1
0.698180880288321,-0.128,0,1
0.765177245197921,-0.128,0,1
0.477820893206165,-0.128,0,1
0.909565326101584,-0.128,0,1
0.494989899674158,-0.128,0,1
0.717840410882466,-0.128,0,1
0.558892603414652,-0.128,0,1
0.44110318023772,-0.128,0,1
0.785029202594978,-0.128,0,1
0.663001177074235,-0.128,0,1
0.72370733515541,-0.128,0,1
0.795057184320637,-0.128,0,1
0.536932281266291,-0.128,0,1
0.502068065798255,-0.128,0,1
0.516889555398997,-0.128,0,1
0.879586285978665,-0.128,0,1
0.433736568746099,-0.128,0,1
0.491500427756223,-0.128,0,1
0.753778821069715,-0.128,0,1
0.539993706327794,-0.128,0,1
0.400950248209216,-0.128,0,1
0.477902109035209,-0.128,0,1
0.379708649616758,-0.128,0,1
0.584439063958301,-0.128,0,1
0.941215892085781,-0.128,0,1
0.440795817930399,-0.128,0,1
0.943008100367686,-0.128,0,1
0.45643488398698,-0.128,0,1
0.496801466054223,-0.128,0,1
0.916619932586205,-0.128,0,1
0.49981491301213,-0.128,0,1
1.3195721062179,-0.128,0,1
0.533556296174465,-0.128,0,1
0.492190949468542,-0.128,0,1
0.524077955533603,-0.128,0,1
0.545935885109283,-0.128,0,1
0.400763809793538,-0.128,0,1
0.950212778758118,-0.128,0,1
0.519848714663681,-0.128,0,1
0.418844842929602,-0.128,0,1
0.381729777261991,-0.128,0,1
0.468302809139928,-0.128,0,1
0.575579278249456,-0.128,0,1
0.409227403147897,-0.128,0,1
0.685054011365043,-0.128,0,1
0.430658421586578,-0.128,0,1
0.618411900871626,-0.128,0,1
0.659125583957053,-0.128,0,1
1.1521228686989,-0.128,0,1
0.547145786892253,-0.128,0,1
0.959857375470415,-0.128,0,1
0.483843419432895,-0.128,0,1
0.998980715436012,-0.128,0,1
0.735696884944004,-0.128,0,1
0.719969179576697,-0.128,0,1
1.25084157507621,-0.128,0,1
0.412143141850588,-0.128,0,1
0.977530203408276,-0.128,0,1
0.637694149664204,-0.128,0,1
0.683106151881373,-0.128,0,1
0.532851920533066,-0.128,0,1
0.709636750412877,-0.128,0,1
0.452340059518455,-0.128,0,1
0.704878463477385,-0.128,0,1
0.651020033124859,-0.128,0,1
0.599738457823816,-0.128,0,1
0.607090182062732,-0.064,1,0
1.58800730607734,-0.064,1,0
0.635926071509927,-0.064,1,0
0.603522129416649,-0.064,1,0
0.69212012833179,-0.064,1,0
0.758691348694212,-0.064,1,0
0.791500128340937,-0.064,1,0
0.772341948749899,-0.064,1,0
0.384419744050992,-0.064,1,0
0.527778653165322,-0.064,1,0
1.24869509764575,-0.064,1,0
0.465562809430648,-0.064,1,0
0.838139831496419,-0.064,1,0
1.35490215444503,-0.064,1,0
0.535564311619101,-0.064,1,0
0.749199339450317,-0.064,1,0
0.99383551349422,-0.064,1,0
0.4486809762056,-0.064,1,0
0.936269654457677,-0.064,1,0
0.665957530012935,-0.064,1,0
0.444680665882338,-0.064,1,0
0.638336550597566,-0.064,1,0
0.962346054709851,-0.064,0,1
0.980868011376052,-0.064,0,1
1.03947780560242,-0.064,0,1
1.07895925848628,-0.064,0,1
0.368022658685654,-0.064,0,1
0.937802291370323,-0.064,0,1
0.856052840916332,-0.064,0,1
0.646222058878765,-0.064,0,1
0.576018574832193,-0.064,0,1
0.748934908808848,-0.064,0,1
0.727546351610255,-0.064,0,1
0.596572948229556,-0.064,0,1
0.742459469792665,-0.064,0,1
0.571603436667382,-0.064,0,1
0.435532888319743,-0.064,0,1
0.901839632706121,-0.064,0,1
0.960626767354485,-0.064,0,1
1.12185741426673,-0.064,0,1
0.583907076636377,-0.064,0,1
0.986216511775218,-0.064,0,1
1.46181155684032,-0.064,0,1
0.582852679138553,-0.064,0,1
0.740186283422015,-0.064,0,1
0.57204560314982,-0.064,0,1
1.56088494626087,-0.064,0,1
0.55209486515209,-0.064,0,1
1.56418825761323,-0.064,0,1
0.632394651659187,-0.064,0,1
0.68261909288328,-0.064,0,1
0.666681197943538,-0.064,0,1
0.550168809691556,-0.064,0,1
0.775206497036196,-0.064,0,1
0.822397904148633,-0.064,0,1
0.658226096056696,-0.064,0,1
0.686818709110869,-0.064,0,1
1.08459505688786,-0.064,0,1
0.688781175874488,-0.064,0,1
1.24671496863087,-0.064,0,1
0.511335766706809,-0.064,0,1
0.870974281136153,-0.064,0,1
0.934569877939859,-0.064,0,1
0.686035973409031,-0.064,0,1
0.510295154874246,-0.064,0,1
0.918363562302316,-0.064,0,1
1.18424404883684,-0.064,0,1
0.431265035305392,-0.064,0,1
1.19736727578536,-0.064,0,1
0.988026919826932,-0.064,0,1
0.469372200649511,-0.064,0,1
0.50457606817802,-0.064,0,1
0.538719459625657,-0.064,0,1
1.12273951231738,-0.064,0,1
1.28524738960149,-0.064,0,1
0.98946156466172,-0.064,0,1
0.426136841471643,-0.064,0,1
0.765815326364347,-0.064,0,1
0.449571567780228,-0.064,0,1
0.778891853755738,-0.064,0,1
0.381982449421424,-0.064,0,1
1.60957971066555,-0.064,0,1
0.691272258669619,-0.064,0,1
0.757124009086418,-0.064,0,1
0.887380335106942,-0.064,0,1
0.419154684739084,-0.064,0,1
0.644429263436588,-0.064,0,1
0.874205028690202,-0.064,0,1
0.677715587737801,-0.064,0,1
1.60645477387166,-0.064,0,1
0.434291426817261,-0.064,0,1
0.49800151478384,-0.064,0,1
0.841217680140386,-0.064,0,1
1.34701191027074,-0.064,0,1
1.07374812250253,-0.064,0,1
0.679924193805162,-0.064,0,1
1.73274655201056,-0.064,0,1
0.580536610533663,-0.064,0,1
0.45899256319642,-0.064,0,1
0.418553481398926,-0.064,0,1
0.491591063968789,-0.064,0,1
0.806926137955545,-0.064,0,1
0.799785413009993,-0.064,0,1
0.654312625035957,-0.064,0,1
0.899920731885196,-0.064,0,1
0.661574697127421,-0.064,0,1
0.600466749709909,-0.064,0,1
0.644396300188565,-0.064,0,1
0.782058364529254,-0.064,0,1
0.834521836880517,-0.064,0,1
1.56603829538558,-0.064,0,1
0.59201968392166,-0.064,0,1
0.915684380427774,-0.064,0,1
0.519801966367716,-0.064,0,1
1.07924403953811,-0.064,0,1
1.22207277407508,-0.064,0,1
0.425706405377833,-0.064,0,1
0.873713705555891,-0.064,0,1
0.465387238784203,-0.064,0,1
1.45448133293972,-0.064,0,1
0.522054811502582,-0.064,0,1
0.625710979763864,-0.064,0,1
1.05317861426679,-0.064,0,1
0.808923800511568,-0.064,0,1
1.40230387672354,-0.064,0,1
0.899533798721382,-0.064,0,1
1.16331530777881,-0.064,0,1
0.621866526945867,-0.064,0,1
0.836381635037745,-0.064,0,1
0.801022216892405,-0.064,0,1
0.717891832802452,-0.064,0,1
0.504547203923008,-0.064,0,1
0.574453646271548,-0.064,0,1
0.609198147288655,-0.064,0,1
1.13078182696669,-0.064,0,1
0.413416352437161,-0.064,0,1
0.533686792374069,-0.064,0,1
0.93609089323551,-0.064,0,1
0.437006681534579,-0.064,0,1
0.449426158744281,-0.064,0,1
1.19413237145322,-0.064,0,1
0.432149572354817,-0.064,0,1
1.031692543458,-0.064,0,1
0.734013445006211,-0.064,0,1
1.99884334481369,-0.064,0,1
1.38285416152495,-0.064,0,1
0.698161722325885,-0.064,0,1
0.472389773326663,-0.064,0,1
0.832402325950814,-0.064,0,1
0.999908294579733,-0.064,0,1
0.777683081486528,-0.064,0,1
0.422287794006692,-0.064,0,1
1.02159555287217,-0.064,0,1
0.742882867384384,-0.064,0,1
0.616072305037478,-0.064,0,1
0.678733671911671,-0.064,0,1
0.711989436122203,-0.064,0,1
0.460782108398184,-0.064,0,1
0.846815234888006,-0.064,0,1
1.14673316827547,-0.064,0,1
0.931133756205401,-0.064,0,1
0.403926071038878,-0.064,0,1
0.907638708065313,-0.064,0,1
0.53342204217507,-0.064,0,1
0.497336714227539,-0.064,0,1
0.498051549318186,-0.064,0,1
1.23898150867138,-0.064,0,1
0.976106910536986,-0.064,0,1
0.618370096379483,-0.064,0,1
1.06832840687256,-0.064,0,1
0.61233465863352,-0.064,0,1
0.661838136798916,-0.064,0,1
0.583713372191414,-0.064,0,1
0.786866644733478,-0.064,0,1
1.08419417646708,-0.064,0,1
0.888637314205263,-0.064,0,1
0.599713746765632,-0.064,0,1
0.881126892633623,-0.064,0,1
0.763774918577925,-0.064,0,1
0.750455143106644,-0.064,0,1
0.833882521723182,-0.064,0,1
1.17084839885285,-0.064,0,1
1.09486534549435,-0.064,0,1
0.719711799222747,-0.064,0,1
0.779430690429002,-0.064,0,1
0.902411604941351,-0.064,0,1
0.868749412586666,-0.064,0,1
0.699295190288683,-0.064,0,1
1.01059092523723,-0.064,0,1
0.496829313636063,-0.064,0,1
0.919711999181451,-0.064,0,1
0.447781579157847,-0.064,0,1
1.37357045507061,-0.064,0,1
0.701105881098342,-0.064,0,1
0.441645321118542,-0.064,0,1
0.779333922846896,-0.064,0,1
0.575532246648617,-0.064,0,1
0.566052011104044,-0.064,0,1
0.583154315589321,-0.064,0,1
0.796580850227652,-0.064,0,1
0.703720207781692,-0.032,1,0
1.14671193813721,-0.032,1,0
1.10392688199247,-0.032,1,0
1.26655047364288,-0.032,1,0
1.1296258960281,-0.032,1,0
0.943193142559521,-0.032,1,0
0.6731557548521,-0.032,1,0
0.445733010987893,-0.032,1,0
0.840403181433058,-0.032,1,0
1.29653063636718,-0.032,1,0
1.20315809354131,-0.032,1,0
0.61134242623511,-0.032,1,0
0.573304982180801,-0.032,1,0
0.85919825796827,-0.032,1,0
1.11068794375864,-0.032,1,0
1.1049539784986,-0.032,1,0
0.751011269316163,-0.032,1,0
0.915503101420649,-0.032,1,0
0.557194171999729,-0.032,1,0
0.689392307125238,-0.032,1,0
0.534332506611556,-0.032,1,0
0.901440807942648,-0.032,1,0
0.794276037826393,-0.032,1,0
0.445209798497523,-0.032,1,0
0.412312573048543,-0.032,1,0
1.76059428981859,-0.032,1,0
1.25278774607943,-0.032,1,0
0.998951506829718,-0.032,1,0
0.779970065984987,-0.032,1,0
1.07064669325531,-0.032,1,0
1.05698660729795,-0.032,1,0
0.535847135507985,-0.032,1,0
0.718815499523614,-0.032,1,0
0.671340357026483,-0.032,1,0
1.06480110703401,-0.032,1,0
1.30421579327384,-0.032,1,0
0.479798309403326,-0.032,1,0
0.561061626678411,-0.032,1,0
0.462497396146447,-0.032,1,0
0.687615623274372,-0.032,1,0
0.531653105896776,-0.032,1,0
0.856868378297507,-0.032,1,0
0.72201189934863,-0.032,1,0
0.450277560916148,-0.032,1,0
0.706123971043181,-0.032,1,0
1.12372810440167,-0.032,1,0
1.16713668874347,-0.032,1,0
0.81951874916864,-0.032,1,0
1.24694248352898,-0.032,1,0
0.935176946949728,-0.032,1,0
0.875997200231469,-0.032,1,0
1.25405768137456,-0.032,1,0
1.11839644707485,-0.032,1,0
0.905398695463091,-0.032,1,0
0.508419068486084,-0.032,1,0
0.87342870681858,-0.032,1,0
1.49964276795526,-0.032,1,0
0.971851478498983,-0.032,1,0
1.79096537714359,-0.032,1,0
1.4890134018285,-0.032,1,0
0.617511801663109,-0.032,1,0
1.20474275770836,-0.032,1,0
1.50697687092612,-0.032,1,0
1.1405865152098,-0.032,1,0
1.42462690966966,-0.032,0,1
1.24448565727134,-0.032,0,1
0.868460035256414,-0.032,0,1
0.526410967250773,-0.032,0,1
1.0827062991897,-0.032,0,1
0.424820612625548,-0.032,0,1
0.914293960672675,-0.032,0,1
1.08227153968664,-0.032,0,1
1.19908059795377,-0.032,0,1
1.52203105976179,-0.032,0,1
0.979317194477407,-0.032,0,1
0.818305247752543,-0.032,0,1
0.673899856613536,-0.032,0,1
0.672868694200873,-0.032,0,1
0.550048599980003,-0.032,0,1
1.36923465990925,-0.032,0,1
0.972577898358053,-0.032,0,1
0.944834448637239,-0.032,0,1
0.592430472027021,-0.032,0,1
0.829238525169777,-0.032,0,1
0.909989164084076,-0.032,0,1
1.29757250303857,-0.032,0,1
0.98951324986224,-0.032,0,1
0.379795677176737,-0.032,0,1
1.52727744969187,-0.032,0,1
1.52311954074535,-0.032,0,1
0.584148882260655,-0.032,0,1
0.53893390571174,-0.032,0,1
1.52939761393165,-0.032,0,1
0.806007396617898,-0.032,0,1
0.900422420957891,-0.032,0,1
0.661501333583598,-0.032,0,1
1.54947046987352,-0.032,0,1
1.01837576491499,-0.032,0,1
1.04163501016453,-0.032,0,1
0.609669746913652,-0.032,0,1
0.903180466168055,-0.032,0,1
0.592807452428271,-0.032,0,1
0.645862324342961,-0.032,0,1
0.753414650602665,-0.032,0,1
0.808840344467479,-0.032,0,1
0.774330217539468,-0.032,0,1
1.60771154759489,-0.032,0,1
1.79901682919656,-0.032,0,1
0.945376702485911,-0.032,0,1
1.10629925754834,-0.032,0,1
1.98987240114536,-0.032,0,1
1.05783853314387,-0.032,0,1
0.939462718229971,-0.032,0,1
0.881964966645893,-0.032,0,1
0.6552568319405,-0.032,0,1
0.80327842597222,-0.032,0,1
0.482053950447343,-0.032,0,1
0.429952824253792,-0.032,0,1
0.567462379562699,-0.032,0,1
0.869835902893938,-0.032,0,1
0.946703233587811,-0.032,0,1
0.936132735527076,-0.032,0,1
1.2042733725191,-0.032,0,1
0.509223424870612,-0.032,0,1
1.1807063827972,-0.032,0,1
0.540454410081195,-0.032,0,1
1.73345279406292,-0.032,0,1
0.887183513992491,-0.032,0,1
0.934363048042143,-0.032,0,1
0.562752933910404,-0.032,0,1
0.548407064637616,-0.032,0,1
0.631267977873446,-0.032,0,1
1.75596140873728,-0.032,0,1
0.481067873096033,-0.032,0,1
0.584064768199905,-0.032,0,1
0.932202196650967,-0.032,0,1
1.52243924647196,-0.032,0,1
0.695595285794277,-0.032,0,1
0.528215459499751,-0.032,0,1
0.997084713037557,-0.032,0,1
0.922491913776529,-0.032,0,1
1.29083571231499,-0.032,0,1
0.879076199390277,-0.032,0,1
0.887448227736487,-0.032,0,1
0.717077051470095,-0.032,0,1
0.692548943832788,-0.032,0,1
0.374489222343204,-0.032,0,1
0.661437160623189,-0.032,0,1
0.800309477881756,-0.032,0,1
1.14362003785551,-0.032,0,1
0.630313274211263,-0.032,0,1
0.902744201063812,-0.032,0,1
1.60351353437563,-0.032,0,1
0.414116284004536,-0.032,0,1
0.817108403012064,-0.032,0,1
0.425979516049124,-0.032,0,1
1.31418431126662,-0.032,0,1
1.8095848524062,-0.032,0,1
1.9340181844353,-0.032,0,1
0.965332004904652,-0.032,0,1
0.564713792842997,-0.032,0,1
0.941474714291219,-0.032,0,1
1.52620328786322,-0.032,0,1
0.748992496710246,-0.032,0,1
0.518531838008061,-0.032,0,1
0.489497319602987,-0.032,0,1
1.33559987205409,-0.032,0,1
0.39500905840179,-0.032,0,1
0.702942532603889,-0.032,0,1
1.48837507451546,-0.032,0,1
0.89351477538957,-0.032,0,1
0.926544084010385,-0.032,0,1
0.973856024495138,-0.032,0,1
1.48722143667116,-0.032,0,1
0.493921922251053,-0.032,0,1
1.0830553289959,-0.032,0,1
1.29992590789911,-0.032,0,1
1.56264518495184,-0.032,0,1
0.624180732476933,-0.032,0,1
1.09301819713162,-0.032,0,1
1.28640494872114,-0.032,0,1
0.99317409738877,-0.032,0,1
1.40058269695293,-0.032,0,1
1.05366842161852,-0.032,0,1
1.03126763190396,-0.032,0,1
1.35959484856037,-0.032,0,1
1.68973699154253,-0.032,0,1
1.51124485433444,-0.032,0,1
1.12511948039414,-0.032,0,1
0.748220956250937,-0.032,0,1
0.768516886155938,-0.032,0,1
1.58889756347639,-0.032,0,1
0.605208883424189,-0.032,0,1
0.710992777187331,-0.032,0,1
1.3859317967612,-0.032,0,1
0.796888071235718,-0.032,0,1
0.669293717741519,-0.032,0,1
1.0564820080899,-0.032,0,1
0.463442191572719,-0.032,0,1
0.588863136792526,-0.032,0,1
0.619059771725866,0,1,0
1.19017304234847,0,1,0
1.75560000532912,0,1,1
0.766358618386047,0,1,1
1.72607697325938,0,1,0
1.26396386093343,0,1,0
0.708391460678458,0,1,0
0.793070653534787,0,1,0
0.600325669156176,0,1,0
1.41220446053502,0,1,1
1.04680159991125,0,1,1
0.422216972053785,0,1,0
0.518702081219257,0,1,0
1.28170130167638,0,1,1
1.07189131106714,0,1,0
0.451659247111063,0,1,1
1.29474895517397,0,1,0
1.11111921511861,0,1,0
1.22001967226681,0,1,1
0.716833732858255,0,1,1
0.767158039192583,0,1,1
0.527719715440518,0,1,0
0.560017434927504,0,1,0
0.932145898066292,0,1,1
1.69818450895121,0,1,1
1.08192827037726,0,1,0
1.29486441188316,0,1,1
1.52038993974666,0,1,1
1.0713843495685,0,1,1
1.06546970166341,0,1,1
0.474410592862735,0,1,0
0.822026341664799,0,1,1
0.725561431615045,0,1,1
1.20175963309278,0,1,0
1.17975719659553,0,1,1
1.08272728002192,0,1,1
0.633568559963746,0,1,0
0.423735590905496,0,1,0
0.598576693721901,0,1,1
1.32052587094076,0,1,0
0.455954334585715,0,1,1
0.835784303175487,0,1,1
0.548720692218894,0,1,1
0.879696755334058,0,1,0
1.60441044198947,0,1,1
0.64580764594747,0,1,1
1.39643143461574,0,1,1
1.29175706573109,0,1,0
0.718722234078134,0,1,1
0.487637249596375,0,1,1
0.9142788723147,0,1,0
0.732817122700202,0,1,1
0.863219939833615,0,1,0
0.977234539948973,0,1,0
0.613981745661814,0,1,1
0.74115865277203,0,1,0
0.851288704226326,0,1,0
1.06084251448112,0,1,1
1.09602907470555,0,1,1
0.777834993838249,0,1,1
0.873164848435772,0,1,1
1.56582905522501,0,1,0
0.437508867940676,0,1,0
1.31900997997211,0,1,0
0.822128006919892,0,1,0
0.739087277053101,0,1,1
1.3788250904485,0,1,0
0.513872954874943,0,1,0
0.890919670146782,0,1,1
0.577825015329377,0,1,1
0.640742588459221,0,1,1
1.17190106119753,0,1,1
1.22295512972989,0,1,1
0.728065254737074,0,1,0
1.36071442191598,0,1,0
1.1085506968703,0,1,0
0.451412802159111,0,1,1
1.45656847958887,0,1,0
1.09332621114728,0,1,1
0.771877463539387,0,1,0
0.53688730998537,0,1,1
1.09597077323191,0,1,1
0.807023691351381,0,1,1
0.41266524227848,0,1,1
0.476816598265065,0,1,1
0.453266296440351,0,1,0
0.490671131249632,0,1,0
0.670874008011196,0,1,1
0.974146601948284,0,1,1
0.478312641638178,0,1,1
0.731295663499488,0,1,0
0.651574390903527,0,1,1
1.22237607431735,0,1,0
1.18555879564444,0,1,0
0.958304416061492,0,1,1
0.662526227312518,0,0,0
1.25831846699691,0,0,1
1.01742551213313,0,0,0
1.06498845301843,0,0,1
1.00676984296874,0,0,0
0.780833113659527,0,0,1
0.487600828105899,0,0,1
0.874992476252636,0,0,0
0.680028168980007,0,0,1
0.915166530749089,0,0,1
0.773796607840344,0,0,0
0.366728280266497,0,0,1
1.32721565039364,0,0,1
1.03759417583184,0,0,0
2.06329501978064,0,0,1
0.963707662245986,0,0,1
0.758497884340708,0,0,0
0.75951303129417,0,0,1
0.858792440698936,0,0,0
0.469381949855238,0,0,1
0.948362179707132,0,0,0
0.972579014255985,0,0,0
0.745489886022101,0,0,1
0.391076077928655,0,0,1
1.81868575127886,0,0,0
0.472169695251213,0,0,0
1.1009141437835,0,0,1
0.820014781001096,0,0,1
0.832174755597396,0,0,1
1.19638950694562,0,0,0
0.921712196949313,0,0,0
0.946179063088938,0,0,0
0.932706071613023,0,0,1
0.401063045897131,0,0,0
0.597240149929174,0,0,0
0.648380952209528,0,0,0
0.567890850165857,0,0,0
1.05612764762711,0,0,0
0.822888665296202,0,0,1
0.59817947589297,0,0,0
0.782199602544013,0,0,1
1.26890656654299,0,0,1
0.728270592717654,0,0,1
0.499555346277299,0,0,1
0.786949529255742,0,0,0
0.645684042406364,0,0,1
1.06838156628696,0,0,1
0.807427744747522,0,0,0
0.693143219568399,0,0,1
1.22022985922924,0,0,1
0.411617342407907,0,0,1
1.06466620035628,0,0,1
1.03736665330201,0,0,1
0.485221515026209,0,0,1
0.877537297414612,0,0,0
1.38317867971405,0,0,0
0.505174753399963,0,0,0
0.65402156933395,0,0,1
0.775575448060494,0,0,1
1.32472657469028,0,0,1
0.620712607338481,0,0,1
0.467320030896131,0,0,1
1.28504599455395,0,0,1
1.91993042051952,0,0,0
0.712010029960176,0,0,1
0.632384278284729,0,0,1
0.934945492393151,0,0,0
0.67933036448081,0,0,0
1.55727279695219,0,0,0
0.419384562764794,0,0,1
0.979499561679321,0,0,1
0.738178126536258,0,0,1
1.72661322701955,0,0,1
1.50546249276459,0,0,0
1.5932625234344,0,0,1
1.1670607073757,0,0,1
1.03188374843758,0,0,0
1.31719401418458,0,0,0
0.88043624677557,0,0,1
0.542632001820508,0,0,0
0.610433340860456,0,0,1
1.1415637861169,0,0,0
0.624519163580612,0,0,0
0.8287654419256,0,0,0
1.27347807331271,0,0,0
0.946970205952046,0,0,1
1.20126152133705,0,0,1
1.36504425554673,0,0,0
0.490998130359038,0,0,0
0.424521384452624,0,0,1
0.587983195159994,0,0,1
0.821352807493657,0,0,0
0.980633033587662,0,0,0
1.09431584155383,0,0,1
0.937720413960289,0,0,0
1.25680950968013,0,0,0
1.624386193314,0,0,0
0.99608163938813,0,0,0
0.949847967483643,0,0,1
1.34209247030096,0,0,1
1.01695935420913,0,0,0
0.660461957922714,0,0,0
0.680531800146095,0,0,0
0.824759073416548,0,0,0
0.894291041375292,0,0,0
1.14436945206402,0.032,1,1
1.72487948933968,0.032,1,1
0.622287759653336,0.032,1,1
0.83895842711495,0.032,1,1
1.06634062595319,0.032,1,1
0.717757752945468,0.032,1,1
0.900940359968912,0.032,1,1
0.566110253336507,0.032,1,1
1.35671847091906,0.032,1,1
1.24240812116182,0.032,1,1
1.27046588685627,0.032,1,1
0.828241363199314,0.032,1,1
0.716225429131017,0.032,1,1
0.415370456837156,0.032,1,1
0.965466896004337,0.032,1,1
1.40293498973418,0.032,1,1
0.555355294164548,0.032,1,1
1.04380523490548,0.032,1,1
0.582473790962142,0.032,1,1
1.29762526504715,0.032,1,1
0.435422304293784,0.032,1,1
1.00836326814311,0.032,1,1
1.12689378229623,0.032,1,1
1.26436834956558,0.032,1,1
1.02850132565086,0.032,1,1
0.950834799837027,0.032,1,1
0.409413648632519,0.032,1,1
0.682150526693343,0.032,1,1
0.879047634814001,0.032,1,1
0.401426906598508,0.032,1,1
1.07258778670262,0.032,1,1
0.42536654443895,0.032,1,1
0.740490493531503,0.032,1,1
1.31880978626895,0.032,1,1
0.771163546815846,0.032,1,1
0.805931529462487,0.032,1,1
0.822046742599392,0.032,1,1
0.750691403200958,0.032,1,1
0.563118801371017,0.032,1,1
0.650579857606442,0.032,1,1
0.663878406379551,0.032,1,1
0.623109083020174,0.032,1,1
0.606354078744466,0.032,1,1
1.53231469799024,0.032,1,1
1.52014307888407,0.032,1,1
0.544394920517105,0.032,1,1
0.574460377603216,0.032,1,1
0.854373871662097,0.032,1,1
1.7535758284803,0.032,1,1
0.508235275888452,0.032,1,1
0.81787901931664,0.032,1,1
0.942638310525085,0.032,1,1
1.15625830608743,0.032,1,1
0.85315571449928,0.032,1,1
0.596233515691465,0.032,1,1
1.46357964746249,0.032,1,1
1.51038304235307,0.032,1,1
0.582226143105077,0.032,1,1
0.500903216296049,0.032,1,1
1.08651994014506,0.032,1,1
1.21413674934248,0.032,1,1
0.993244930726502,0.032,1,1
1.8917146942414,0.032,1,1
0.955065202560072,0.032,1,1
0.413841989595242,0.032,1,1
0.965834318013891,0.032,1,1
0.812274616157795,0.032,1,1
0.975858542145087,0.032,1,1
0.943769492856441,0.032,1,1
0.763613837423813,0.032,1,1
1.2482234877965,0.032,1,1
0.92940322972464,0.032,1,1
0.533914573924122,0.032,1,1
0.694756219281645,0.032,1,1
1.32231312137429,0.032,1,1
0.82324002049161,0.032,1,1
0.477761323703127,0.032,1,1
0.87494760964738,0.032,1,1
1.34384413810664,0.032,1,1
0.622694883222624,0.032,1,1
0.409730160525302,0.032,1,1
0.807025474886183,0.032,1,1
0.598213591210197,0.032,1,1
1.37031768876542,0.032,1,1
0.887102126945699,0.032,1,1
1.08889090486877,0.032,1,1
1.53515216804832,0.032,1,1
0.709507550417914,0.032,1,1
1.10746667109691,0.032,1,1
1.12857762786473,0.032,1,1
1.29989815458979,0.032,1,1
1.71159689255882,0.032,1,1
0.756228965165035,0.032,1,1
0.983116230939266,0.032,1,1
1.30051095535876,0.032,1,1
0.921541564597831,0.032,1,1
1.22249452589561,0.032,1,1
0.80046480710216,0.032,1,1
0.498908114292414,0.032,1,1
0.713494808978876,0.032,1,1
0.557649119152789,0.032,1,1
1.15441346408415,0.032,1,1
0.404446382878431,0.032,1,1
1.22448406952081,0.032,1,1
0.96147586582537,0.032,1,1
1.08684857498449,0.032,1,1
0.689191974335361,0.032,1,1
1.62064642081512,0.032,1,1
0.414301807526061,0.032,1,1
0.914457136439728,0.032,1,1
1.27366107268763,0.032,1,1
0.514802963682304,0.032,1,1
0.958460545936366,0.032,1,1
0.53728716783881,0.032,1,1
0.498625881322196,0.032,1,1
0.611932423611899,0.032,1,1
0.580590068555498,0.032,1,1
0.878652990644338,0.032,1,1
1.9794643075588,0.032,1,1
1.15328627867558,0.032,1,1
0.631569665176513,0.032,1,1
0.523721180984131,0.032,1,1
1.22856347484367,0.032,1,1
1.32098059820376,0.032,1,1
1.69839347448361,0.032,1,1
0.586259919472921,0.032,1,1
0.805646033948618,0.032,1,1
1.31530023132869,0.032,1,1
0.477045140185237,0.032,1,1
0.811573725014161,0.032,1,1
0.850695182884301,0.032,1,1
0.402031990125413,0.032,1,1
0.762544213978022,0.032,1,1
0.999321414430761,0.032,1,1
0.871146543223975,0.032,1,1
1.10015895683572,0.032,1,1
0.649306586905616,0.032,0,0
0.914191830667229,0.032,0,0
0.839350151572226,0.032,0,0
0.904439587587519,0.032,0,0
0.689353465656841,0.032,0,0
1.62452266253555,0.032,0,0
0.658769833035872,0.032,0,0
0.551165225019443,0.032,0,0
1.33487964133413,0.032,0,0
0.416710841495983,0.032,0,0
0.817149242257621,0.032,0,0
1.27732463292512,0.032,0,0
1.08882218399289,0.032,0,0
0.838945670346789,0.032,0,0
0.868235635966735,0.032,0,0
0.526554668216224,0.032,0,0
0.705958783569701,0.032,0,0
0.639169555566005,0.032,0,0
1.20139450756156,0.032,0,0
0.623410237193637,0.032,0,0
0.49000156008829,0.032,0,0
0.751336992395979,0.032,0,0
0.564830444187341,0.032,0,0
0.616061159182079,0.032,0,0
0.687880852955578,0.032,0,0
1.04406651389274,0.032,0,0
0.96548302225793,0.032,0,0
1.12889823759116,0.032,0,0
1.56747064098593,0.032,0,0
0.705422211502805,0.032,0,0
1.09721492893559,0.032,0,0
0.737295560967371,0.032,0,0
0.779685423792063,0.032,0,0
0.465485643098783,0.032,0,0
1.40583669851721,0.032,0,0
1.4291696792871,0.032,0,0
0.367076207404735,0.032,0,0
0.728243650391919,0.032,0,0
0.848153524087,0.032,0,0
0.883290258489894,0.032,0,0
1.04711910481181,0.032,0,0
1.31646179572516,0.032,0,0
0.429430411073738,0.032,0,0
1.12381597235062,0.032,0,0
0.699203948648851,0.032,0,0
0.472240236238941,0.032,0,0
0.676329937076518,0.032,0,0
1.26238903929591,0.032,0,0
0.535338454082266,0.032,0,0
0.555868081375222,0.032,0,0
0.792077942125121,0.032,0,0
0.51884821778596,0.032,0,0
1.05588288366992,0.032,0,0
1.19536788014955,0.032,0,0
0.893689354659308,0.032,0,0
1.26364304737762,0.032,0,0
1.21185929050851,0.032,0,0
1.4555546198108,0.032,0,0
0.623129288588676,0.032,0,0
1.56075246228247,0.032,0,0
0.900605097185082,0.032,0,0
0.8034074628103,0.032,0,0
0.689941122453714,0.032,0,0
0.670098272469039,0.032,0,0
0.650657559817672,0.064,1,1
0.678372719238925,0.064,1,1
1.0853355182241,0.064,1,1
0.902200106593508,0.064,1,1
1.10530818663864,0.064,1,1
0.741376016786913,0.064,1,1
0.623156516547322,0.064,1,1
0.475352744124735,0.064,1,1
0.411153856915056,0.064,1,1
0.444416696966578,0.064,1,1
0.641787488488891,0.064,1,1
1.07499494996272,0.064,1,1
1.2316599707805,0.064,1,1
1.08812766839525,0.064,1,1
0.648574284420197,0.064,1,1
0.880444175288162,0.064,1,1
0.469475916554026,0.064,1,1
1.06885084804959,0.064,1,1
0.844945194714761,0.064,1,1
0.911129847516,0.064,1,1
0.987111846740234,0.064,1,1
0.882616372554357,0.064,1,1
0.576224368595696,0.064,1,1
1.07569610119692,0.064,1,1
0.799614184279807,0.064,1,1
1.1531617748077,0.064,1,1
0.488204857134299,0.064,1,1
0.55148525322249,0.064,1,1
0.631081386920767,0.064,1,1
1.00825606631057,0.064,1,1
0.7084626294469,0.064,1,1
0.389384723569557,0.064,1,1
0.536973762224166,0.064,1,1
0.523113328103078,0.064,1,1
0.703518781625273,0.064,1,1
1.34019176874269,0.064,1,1
0.626236288131207,0.064,1,1
0.570335028994517,0.064,1,1
0.620531508185648,0.064,1,1
0.571162102451625,0.064,1,1
1.07536274455904,0.064,1,1
0.68933453758055,0.064,1,1
1.16826364306638,0.064,1,1
1.36239176096457,0.064,1,1
0.533094352510521,0.064,1,1
0.453491609017619,0.064,1,1
0.417719776239206,0.064,1,1
1.59442961728843,0.064,1,1
1.50681327523606,0.064,1,1
1.09984067549081,0.064,1,1
1.16271029283108,0.064,1,1
0.456109263802624,0.064,1,1
0.5978298949123,0.064,1,1
0.94169956452562,0.064,1,1
1.34631491170619,0.064,1,1
1.10850682921399,0.064,1,1
1.08526298620252,0.064,1,1
0.79107295084292,0.064,1,1
1.12716452969019,0.064,1,1
0.711518162158582,0.064,1,1
0.54521428977135,0.064,1,1
1.55910915398133,0.064,1,1
1.26697076801211,0.064,1,1
0.54433868158902,0.064,1,1
0.467272573984701,0.064,1,1
0.503390801305452,0.064,1,1
0.475324640434883,0.064,1,1
1.19540481013974,0.064,1,1
0.44650968528183,0.064,1,1
0.450657239773992,0.064,1,1
0.745892302301949,0.064,1,1
0.449669127770684,0.064,1,1
0.942181309495816,0.064,1,1
0.452951806521139,0.064,1,1
0.505592517091977,0.064,1,1
0.456000819487418,0.064,1,1
0.817306932991067,0.064,1,1
0.462848211367907,0.064,1,1
0.771578356036129,0.064,1,1
0.48333266614969,0.064,1,1
1.11213890789613,0.064,1,1
0.870524143355785,0.064,1,1
1.21846852462547,0.064,1,1
0.660010909321606,0.064,1,1
0.677227968167504,0.064,1,1
0.684018086366933,0.064,1,1
1.13480636147984,0.064,1,1
0.691175783870998,0.064,1,1
1.17223895579544,0.064,1,1
0.558958813686566,0.064,1,1
1.0529760693439,0.064,1,1
1.01875307828653,0.064,1,1
0.443553105055991,0.064,1,1
1.38155537984938,0.064,1,1
0.644419785309225,0.064,1,1
0.766751192066685,0.064,1,1
0.477140699288602,0.064,1,1
1.07957636201027,0.064,1,1
1.22869107679783,0.064,1,1
1.33838527420533,0.064,1,1
0.806442231622839,0.064,1,1
0.630981671554732,0.064,1,1
0.69076738493797,0.064,1,1
0.972330980043472,0.064,1,1
0.39848570132187,0.064,1,1
0.766175751605745,0.064,1,1
0.665992721552471,0.064,1,1
0.542177049765301,0.064,1,1
1.04161204471001,0.064,1,1
0.961565851522943,0.064,1,1
0.706074160651837,0.064,1,1
0.605316616956914,0.064,1,1
0.786389384586492,0.064,1,1
0.650336243515594,0.064,1,1
0.497890066204935,0.064,1,1
1.36598398560268,0.064,1,1
0.514174304214828,0.064,1,1
0.686633084963584,0.064,1,1
0.60893946040357,0.064,1,1
0.950729187056183,0.064,1,1
0.819579440413418,0.064,1,1
0.56395865229808,0.064,1,1
0.854631707839335,0.064,1,1
0.50993834186634,0.064,1,1
0.759674590908421,0.064,1,1
0.717578535563895,0.064,1,1
1.5894525040409,0.064,1,1
0.76133629363105,0.064,1,1
0.946000625001349,0.064,1,1
0.896784411919024,0.064,1,1
1.48021056182884,0.064,1,1
1.13151201864615,0.064,1,1
0.535446406737837,0.064,1,1
0.415881130436833,0.064,1,1
0.668730455585113,0.064,1,1
0.696976317801701,0.064,1,1
0.663686167418599,0.064,1,1
0.785423391188849,0.064,1,1
0.961087569735015,0.064,1,1
0.501193234275811,0.064,1,1
0.71660013063744,0.064,1,1
1.14122235681993,0.064,1,1
0.842464316990391,0.064,1,1
0.865194618710894,0.064,1,1
0.932875111252201,0.064,1,1
0.699185057098657,0.064,1,1
1.33179706039539,0.064,1,1
1.01248926706828,0.064,1,1
0.439003420725099,0.064,1,1
0.465299446145606,0.064,1,1
1.271274521066,0.064,1,1
0.977873152803261,0.064,1,1
0.458129914525335,0.064,1,1
0.808172883022787,0.064,1,1
0.979775376300513,0.064,1,1
0.857829032180239,0.064,1,1
0.489971299095013,0.064,1,1
1.18497517364647,0.064,1,1
0.562101506866304,0.064,1,1
1.54920997590047,0.064,1,1
0.720684772541952,0.064,1,1
0.760393088565635,0.064,1,1
0.603605447777684,0.064,1,1
1.33997842134457,0.064,1,1
0.410252546460857,0.064,1,1
0.831120158756259,0.064,1,1
0.764281401117542,0.064,1,1
0.487622988945773,0.064,1,1
0.631227215004295,0.064,1,1
1.13573855738349,0.064,1,1
0.689243801555262,0.064,1,1
0.816216594410313,0.064,1,1
0.668672216288475,0.064,0,0
1.0132763765354,0.064,0,0
0.707273203543119,0.064,0,0
1.18857946007342,0.064,0,0
0.509740322346059,0.064,0,0
1.47177291620246,0.064,0,0
0.657453171431518,0.064,0,0
0.667610136130758,0.064,0,0
1.613230076842,0.064,0,0
1.06622286057196,0.064,0,0
0.580169613011845,0.064,0,0
0.935365657146652,0.064,0,0
0.535934477316016,0.064,0,0
0.648209755955914,0.064,0,0
0.946562465381822,0.064,0,0
0.485664468576393,0.064,0,0
1.03785731885186,0.064,0,0
0.460678924264251,0.064,0,0
0.643903391942535,0.064,0,0
0.484652238272161,0.064,0,0
0.651426225866658,0.064,0,0
0.465527543680742,0.064,0,0
0.80392508927219,0.064,0,0
0.545663413257511,0.064,0,0
1.09782473804137,0.064,0,0
0.981372631456245,0.064,0,0
0.78201810904609,0.064,0,0
0.932976748197076,0.064,0,0
0.514046125383997,0.128,1,1
1.20400255637266,0.128,1,1
0.431714816501638,0.128,1,1
0.72757184791097,0.128,1,1
0.516428412561732,0.128,1,1
0.606123662689488,0.128,1,1
0.819004040713872,0.128,1,1
0.429749153960467,0.128,1,1
0.802002402231821,0.128,1,1
0.614880177521013,0.128,1,1
0.442736562498411,0.128,1,1
0.379351909684437,0.128,1,1
0.676533951952426,0.128,1,1
1.06604885041795,0.128,1,1
0.603731545267367,0.128,1,1
0.652097360429877,0.128,1,1
0.573529019361685,0.128,1,1
0.468457477168905,0.128,1,1
0.694936983027867,0.128,1,1
0.641332322081274,0.128,1,1
0.679403547277457,0.128,1,1
0.871461364278072,0.128,1,1
0.506824593512461,0.128,1,1
0.701451625057529,0.128,1,1
0.992650956938388,0.128,1,1
0.520040534781024,0.128,1,1
0.548641519573668,0.128,1,1
0.529340528601743,0.128,1,1
0.755088664136418,0.128,1,1
1.07466209372886,0.128,1,1
0.645725422253753,0.128,1,1
0.513936864174904,0.128,1,1
0.78516074992514,0.128,1,1
0.437878160344699,0.128,1,1
0.804995497180567,0.128,1,1
0.588408664931473,0.128,1,1
0.679371627867569,0.128,1,1
0.464159653962129,0.128,1,1
0.597009711214608,0.128,1,1
0.795441353088405,0.128,1,1
0.595577132598459,0.128,1,1
0.713153235565848,0.128,1,1
0.538186957619349,0.128,1,1
0.456775900800741,0.128,1,1
0.596463932514319,0.128,1,1
0.605883327491086,0.128,1,1
0.445317610714409,0.128,1,1
0.772822815117913,0.128,1,1
0.607578217039057,0.128,1,1
0.578217955214076,0.128,1,1
0.76814419848082,0.128,1,1
0.505435341692636,0.128,1,1
0.696898181222774,0.128,1,1
0.418262828870892,0.128,1,1
0.441445971434171,0.128,1,1
1.1814876341574,0.128,1,1
0.794672218831387,0.128,1,1
0.582922704393672,0.128,1,1
1.04858270206558,0.128,1,1
0.412221714868919,0.128,1,1
0.582196451092081,0.128,1,1
0.670531352426348,0.128,1,1
1.19537603746103,0.128,1,1
0.82538787145115,0.128,1,1
0.971796011044505,0.128,1,1
0.422778698538634,0.128,1,1
0.846110487509626,0.128,1,1
0.6577072435754,0.128,1,1
0.427088560791758,0.128,1,1
0.429060682079742,0.128,1,1
0.530262111657632,0.128,1,1
0.519077109995424,0.128,1,1
0.930202099946197,0.128,1,1
0.584507408771688,0.128,1,1
0.600712017541856,0.128,1,1
0.409011215354309,0.128,1,1
0.701936307161951,0.128,1,1
0.825476029528787,0.128,1,1
0.521930987955946,0.128,1,1
1.10237935480937,0.128,1,1
0.433919558335106,0.128,1,1
0.494529625371445,0.128,1,1
0.801565865365016,0.128,1,1
0.508002380166129,0.128,1,1
0.450645710710456,0.128,1,1
0.607953259732405,0.128,1,1
0.527426907107579,0.128,1,1
0.619494066145691,0.128,1,1
0.49115000432186,0.128,1,1
0.793261294525224,0.128,1,1
0.754264678736391,0.128,1,1
0.581476196296488,0.128,1,1
0.451982107720402,0.128,1,1
0.401210141617363,0.128,1,1
0.439014706977614,0.128,1,1
0.504407109613813,0.128,1,1
0.411229769070325,0.128,1,1
0.540710121950969,0.128,1,1
0.66279964369564,0.128,1,1
0.768334045322082,0.128,1,1
0.559609910965146,0.128,1,1
0.370580965980363,0.128,1,1
0.474780077048723,0.128,1,1
1.282693012464,0.128,1,1
0.444820196726616,0.128,1,1
0.400028706610519,0.128,1,1
0.447072047698723,0.128,1,1
0.545662810717096,0.128,1,1
0.614959757494759,0.128,1,1
0.628074470849417,0.128,1,1
0.521953203131659,0.128,1,1
0.448625113665602,0.128,1,1
1.11222546737429,0.128,1,1
0.673924999954743,0.128,1,1
0.543550170177146,0.128,1,1
0.827043602000088,0.128,1,1
0.587971481144576,0.128,1,1
0.65417572352613,0.128,1,1
1.05707617540129,0.128,1,1
0.518859985027764,0.128,1,1
0.517873644554386,0.128,1,1
0.597749228362511,0.128,1,1
0.466235231742599,0.128,1,1
0.544858738745505,0.128,1,1
0.524008135490296,0.128,1,1
0.487600830836088,0.128,1,1
0.405559722954316,0.128,1,1
0.600795662146462,0.128,1,1
0.531189376319937,0.128,1,1
0.465426970881148,0.128,1,1
0.603157242604693,0.128,1,1
0.435801494641349,0.128,1,1
0.65269785167541,0.128,1,1
0.497546740249659,0.128,1,1
0.446072224398927,0.128,1,1
0.618061266865976,0.128,1,1
0.462284171082364,0.128,1,1
0.914683324349279,0.128,1,1
0.515752762234202,0.128,1,1
0.707937173023992,0.128,1,1
0.518976686295642,0.128,1,1
0.52111165459412,0.128,1,1
0.474051393830262,0.128,1,1
0.582769862399446,0.128,1,1
0.525309990117567,0.128,1,1
0.469233530276038,0.128,1,1
0.524310893259642,0.128,1,1
0.86748948742783,0.128,1,1
0.526615525067947,0.128,1,1
0.43727544711433,0.128,1,1
0.421506436496734,0.128,1,1
0.445511072417393,0.128,1,1
0.441516850005814,0.128,1,1
0.499704051840762,0.128,1,1
0.543342752543401,0.128,1,1
0.55850930574224,0.128,1,1
0.676379134451989,0.128,1,1
0.531127192694005,0.128,1,1
0.565113121029158,0.128,1,1
0.874416999434044,0.128,1,1
0.39689688575753,0.128,1,1
0.603044152219401,0.128,1,1
0.431038717214823,0.128,1,1
0.636244416388833,0.128,1,1
0.919579434786078,0.128,1,1
0.508280008765368,0.128,1,1
0.548578317907276,0.128,1,1
0.899599624262026,0.128,1,1
1.01468310327393,0.128,1,1
1.10185972247001,0.128,1,1
0.57952166011043,0.128,1,1
0.521080984713213,0.128,1,1
0.565546248822636,0.128,1,1
0.458202779631077,0.128,1,1
0.44895634750855,0.128,1,1
0.423578911616833,0.128,1,1
0.630169985804979,0.128,1,1
0.985025634621555,0.128,1,1
0.502337729776307,0.128,1,1
0.807389606571299,0.128,1,1
0.452406250415109,0.128,1,1
0.632699533016748,0.128,1,1
0.890106677516807,0.128,1,1
0.723295723567046,0.128,1,1
0.946233180213869,0.128,1,1
0.618457174174097,0.128,1,1
0.553765929380635,0.128,1,1
0.687253645471862,0.128,1,1
0.454656069756486,0.128,0,0
0.438081618579626,0.128,0,0
0.741513458051536,0.128,0,0
0.444993016949353,0.128,0,0
0.923701112884253,0.128,0,0
0.980222277892396,0.128,0,0
0.605354717999352,0.128,0,0
0.413311296278884,0.128,0,0
0.412624749797427,0.128,0,0
0.482714364679759,0.128,0,0
0.498393524663644,0.128,0,0
1.26019496600353,0.128,0,0
0.3674448130362,0.256,1,1
0.520355978885598,0.256,1,1
0.541783619955533,0.256,1,1
0.519049165325259,0.256,1,1
0.466773595543775,0.256,1,1
0.772295326976089,0.256,1,1
0.531695705202033,0.256,1,1
0.382194489538538,0.256,1,1
0.465429981031883,0.256,1,1
0.40404685164229,0.256,1,1
0.439821480355347,0.256,1,1
0.568434257717575,0.256,1,1
0.416118135885813,0.256,1,1
0.407959105315709,0.256,1,1
0.379001477263373,0.256,1,1
0.471824612755964,0.256,1,1
0.436280529999995,0.256,1,1
0.427792032624917,0.256,1,1
0.421600730600485,0.256,1,1
0.49763273923306,0.256,1,1
0.457357472597952,0.256,1,1
0.40335795918235,0.256,1,1
0.468121303712344,0.256,1,1
0.462820504639387,0.256,1,1
0.406569701536364,0.256,1,1
0.462531019703436,0.256,1,1
0.426563338424225,0.256,1,1
0.444093944859411,0.256,1,1
0.654569090309412,0.256,1,1
0.497164416869586,0.256,1,1
0.440683344121705,0.256,1,1
0.375909640337792,0.256,1,1
0.468677370968658,0.256,1,1
0.546655747138284,0.256,1,1
0.433333578300731,0.256,1,1
0.513244680737365,0.256,1,1
0.420076621571631,0.256,1,1
0.424546934798833,0.256,1,1
0.431653746919285,0.256,1,1
0.457675402683482,0.256,1,1
0.412783722470798,0.256,1,1
0.51900583302221,0.256,1,1
0.454825236712418,0.256,1,1
0.510822782419254,0.256,1,1
0.631597529501971,0.256,1,1
0.531028277363821,0.256,1,1
0.423521566030105,0.256,1,1
0.514917099967232,0.256,1,1
0.383402012799411,0.256,1,1
0.625793396537208,0.256,1,1
0.39809522188801,0.256,1,1
0.398752663362285,0.256,1,1
0.412055499954851,0.256,1,1
0.416422288595071,0.256,1,1
0.557802303478517,0.256,1,1
0.440074680347063,0.256,1,1
0.441136537302701,0.256,1,1
0.426518320269936,0.256,1,1
0.466221504662184,0.256,1,1
0.546416031263921,0.256,1,1
0.562955507146596,0.256,1,1
0.418130464323035,0.256,1,1
0.427010701508577,0.256,1,1
0.456732454255603,0.256,1,1
0.402578163553275,0.256,1,1
0.405498749621863,0.256,1,1
0.421440118738938,0.256,1,1
0.479492453172335,0.256,1,1
0.509633711125938,0.256,1,1
0.404544598022387,0.256,1,1
0.397637711409581,0.256,1,1
0.477800254269167,0.256,1,1
0.510190722532399,0.256,1,1
0.597857046055335,0.256,1,1
0.410464858440826,0.256,1,1
0.523729153241958,0.256,1,1
0.481554628557157,0.256,1,1
0.411116842326737,0.256,1,1
0.387308498534282,0.256,1,1
0.435180077850552,0.256,1,1
0.566998662535956,0.256,1,1
0.568603025458492,0.256,1,1
0.474660015552673,0.256,1,1
0.439292900530696,0.256,1,1
0.60918842411466,0.256,1,1
0.457005888951545,0.256,1,1
0.4340747506541,0.256,1,1
0.62331144080705,0.256,1,1
0.424399533591426,0.256,1,1
0.408318910261438,0.256,1,1
0.431113144172692,0.256,1,1
0.652016771264233,0.256,1,1
0.473916254185132,0.256,1,1
0.538822953333163,0.256,1,1
0.435358507537874,0.256,1,1
0.425990079243517,0.256,1,1
0.382652924148061,0.256,1,1
0.452804392183285,0.256,1,1
0.395773683073899,0.256,1,1
0.399265843831334,0.256,1,1
0.500325712473308,0.256,1,1
0.47796759886369,0.256,1,1
0.513641084900292,0.256,1,1
0.509778749227054,0.256,1,1
0.440066814633151,0.256,1,1
0.387756484395034,0.256,1,1
0.597030642726158,0.256,1,1
0.484325469679506,0.256,1,1
0.393755399893508,0.256,1,1
0.397125182989087,0.256,1,1
0.468033920535172,0.256,1,1
0.465949317544533,0.256,1,1
0.43406190266097,0.256,1,1
0.418382625386051,0.256,1,1
0.396652036181622,0.256,1,1
0.401601131694044,0.256,1,1
0.360841570123381,0.256,1,1
0.428722493070424,0.256,1,1
0.424229499198186,0.256,1,1
0.56351126559891,0.256,1,1
0.521646890145996,0.256,1,1
0.41672647760111,0.256,1,1
0.592423062379126,0.256,1,1
0.449876917845996,0.256,1,1
0.400939785696972,0.256,1,1
0.462823888675851,0.256,1,1
0.409387334993719,0.256,1,1
0.400199770423062,0.256,1,1
0.506463828381541,0.256,1,1
0.404525038713307,0.256,1,1
0.426523978031547,0.256,1,1
0.486415515534958,0.256,1,1
0.393603950445197,0.256,1,1
0.434627925523467,0.256,1,1
0.384262699791233,0.256,1,1
0.57266952245174,0.256,1,1
0.501821659247693,0.256,1,1
0.469986869625199,0.256,1,1
0.439524559956024,0.256,1,1
0.503220281251995,0.256,1,1
0.537283292137972,0.256,1,1
0.42053107099312,0.256,1,1
0.4504333902349,0.256,1,1
0.406931013548646,0.256,1,1
0.53860479364826,0.256,1,1
0.401058345515796,0.256,1,1
0.474880001083007,0.256,1,1
0.487074335783087,0.256,1,1
0.4058976046864,0.256,1,1
0.421382342410579,0.256,1,1
0.42381583349122,0.256,1,1
0.493085665232436,0.256,1,1
0.491002453053227,0.256,1,1
0.494055975256861,0.256,1,1
0.433089382720325,0.256,1,1
0.440476519681943,0.256,1,1
0.420946383068265,0.256,1,1
0.431850592406779,0.256,1,1
0.478501369353535,0.256,1,1
0.487595109223412,0.256,1,1
0.487383506904036,0.256,1,1
0.47826780771342,0.256,1,1
0.455161258076447,0.256,1,1
0.411056955773849,0.256,1,1
0.585031897794668,0.256,1,1
0.417085214402951,0.256,1,1
0.466342633425331,0.256,1,1
0.481012947951328,0.256,1,1
0.411587263205009,0.256,1,1
0.403790225692822,0.256,1,1
0.397627003300418,0.256,1,1
0.41249360301179,0.256,1,1
0.428633448445904,0.256,1,1
0.471505084683137,0.256,1,1
0.405539031851613,0.256,1,1
0.442285384315181,0.256,1,1
0.484096700461242,0.256,1,1
0.401096558581343,0.256,1,1
0.418530012970139,0.256,1,1
0.408315149074222,0.256,1,1
0.399069862936822,0.256,1,1
0.454202745798164,0.256,1,1
0.411181145675917,0.256,1,1
0.472587590629447,0.256,1,1
0.436564411200463,0.256,1,1
0.43966877535945,0.256,1,1
0.415553576853059,0.256,1,1
0.439334287535866,0.256,1,1
0.574295057966368,0.256,1,1
0.421879766014338,0.256,1,1
0.575611451027289,0.256,1,1
0.439477256387457,0.256,1,1
0.430389342208443,0.256,1,1
0.450327216946283,0.256,1,1
0.440170629398953,0.256,1,1
0.469277756058848,0.256,1,1
0.509970982928554,0.256,1,1
0.418215382597159,0.256,1,1
0.524850782384038,0.256,1,1
0.470629011332251,0.256,0,0
0.436318714626859,0.512,1,1
0.39627154579319,0.512,1,1
0.412040337980026,0.512,1,1
0.399034855592249,0.512,1,1
0.384117590472071,0.512,1,1
0.392009531027252,0.512,1,1
0.418166601780506,0.512,1,1
0.432879042397626,0.512,1,1
0.443743559461444,0.512,1,1
0.370953691091719,0.512,1,1
0.397272426948288,0.512,1,1
0.385817697017374,0.512,1,1
0.41044737808014,0.512,1,1
0.398167925632514,0.512,1,1
0.41278278382034,0.512,1,1
0.396063687987484,0.512,1,1
0.420476106409179,0.512,1,1
0.365950111472444,0.512,1,1
0.388686585207645,0.512,1,1
0.408789088551941,0.512,1,1
0.418641213336346,0.512,1,1
0.414221474576825,0.512,1,1
0.402607920753964,0.512,1,1
0.390702000564174,0.512,1,1
0.401769395412613,0.512,1,1
0.374733171809664,0.512,1,1
0.399664087324831,0.512,1,1
0.413822112824928,0.512,1,1
0.412827742100189,0.512,1,1
0.432863010844561,0.512,1,1
0.385145950877253,0.512,1,1
0.414014516633233,0.512,1,1
0.383518499848488,0.512,1,1
0.411097129583861,0.512,1,1
0.4090159995203,0.512,1,1
0.437530265693872,0.512,1,1
0.419087722469456,0.512,1,1
0.416693604982042,0.512,1,1
0.380074237225534,0.512,1,1
0.38018759091451,0.512,1,1
0.421155660960823,0.512,1,1
0.384549836606854,0.512,1,1
0.378571792992945,0.512,1,1
0.39657725346779,0.512,1,1
0.42843562223929,0.512,1,1
0.382214820631613,0.512,1,1
0.412494201307908,0.512,1,1
0.439407955035249,0.512,1,1
0.412764360691156,0.512,1,1
0.388752979501904,0.512,1,1
0.39112364426278,0.512,1,1
0.394331411236901,0.512,1,1
0.422814246890859,0.512,1,1
0.402927856763496,0.512,1,1
0.391796371204775,0.512,1,1
0.408292890984026,0.512,1,1
0.412900492600657,0.512,1,1
0.399381752357753,0.512,1,1
0.408784956761434,0.512,1,1
0.382641520460741,0.512,1,1
0.37651663189542,0.512,1,1
0.436809624232116,0.512,1,1
0.361679432446851,0.512,1,1
0.426035366285115,0.512,1,1
0.424292475151027,0.512,1,1
0.39933948235328,0.512,1,1
0.399252676853579,0.512,1,1
0.425073650430002,0.512,1,1
0.411459266190977,0.512,1,1
0.408846928760578,0.512,1,1
0.39850012565384,0.512,1,1
0.373272187202843,0.512,1,1
0.394281833790547,0.512,1,1
0.441009419199017,0.512,1,1
0.43181201287182,0.512,1,1
0.368155079061779,0.512,1,1
0.381417226755476,0.512,1,1
0.407771734672985,0.512,1,1
0.402247546373234,0.512,1,1
0.392540630308668,0.512,1,1
0.406114981511214,0.512,1,1
0.407372878624201,0.512,1,1
0.4131345086735,0.512,1,1
0.419541884240568,0.512,1,1
0.401616052912396,0.512,1,1
0.408184871539865,0.512,1,1
0.373361059307997,0.512,1,1
0.403520543755205,0.512,1,1
0.40536830421441,0.512,1,1
0.385720079409993,0.512,1,1
0.378404897947787,0.512,1,1
0.408371182264843,0.512,1,1
0.396296466300731,0.512,1,1
0.376486330252361,0.512,1,1
0.396288192651456,0.512,1,1
0.388611917236236,0.512,1,1
0.404295680079956,0.512,1,1
0.431369794336999,0.512,1,1
0.386584563674211,0.512,1,1
0.411443780713603,0.512,1,1
0.410458874148388,0.512,1,1
0.407299194246443,0.512,1,1
0.413560389729332,0.512,1,1
0.406317453883163,0.512,1,1
0.439033204717755,0.512,1,1
0.418367596380571,0.512,1,1
0.405177863730435,0.512,1,1
0.396381634704941,0.512,1,1
0.415179167392031,0.512,1,1
0.391413817100099,0.512,1,1
0.372650383432201,0.512,1,1
0.453816626085794,0.512,1,1
0.405005409147859,0.512,1,1
0.418168507851614,0.512,1,1
0.401095926922339,0.512,1,1
0.41891232709183,0.512,1,1
0.431338585309025,0.512,1,1
0.418233506667205,0.512,1,1
0.37111402925501,0.512,1,1
0.425573903168366,0.512,1,1
0.398622177332711,0.512,1,1
0.409446296181773,0.512,1,1
0.404616076186751,0.512,1,1
0.395052382710104,0.512,1,1
0.397981593482904,0.512,1,1
0.384142166064654,0.512,1,1
0.396950278510685,0.512,1,1
0.416984624331294,0.512,1,1
0.473712524405253,0.512,1,1
0.425726524461162,0.512,1,1
0.370934304414883,0.512,1,1
0.434448874485168,0.512,1,1
0.417051861718369,0.512,1,1
0.395123301784346,0.512,1,1
0.378310397943824,0.512,1,1
0.410589612342765,0.512,1,1
0.400145906097912,0.512,1,1
0.425835534738267,0.512,1,1
0.396619712208,0.512,1,1
0.394721236596765,0.512,1,1
0.382015743551296,0.512,1,1
0.380918853504164,0.512,1,1
0.398084931652329,0.512,1,1
0.400709530670872,0.512,1,1
0.386628090215235,0.512,1,1
0.394382775052963,0.512,1,1
0.41036744595755,0.512,1,1
0.386687412584668,0.512,1,1
0.394642870724491,0.512,1,1
0.398646323061701,0.512,1,1
0.429690268124006,0.512,1,1
0.401995983976401,0.512,1,1
0.390827899663706,0.512,1,1
0.404136648943385,0.512,1,1
0.395650279569223,0.512,1,1
0.431812114414388,0.512,1,1
0.427840381372529,0.512,1,1
0.42089584366733,0.512,1,1
0.428283337977355,0.512,1,1
0.393493906590245,0.512,1,1
0.418540003838551,0.512,1,1
0.394782618380414,0.512,1,1
0.405762782652077,0.512,1,1
0.397045385720049,0.512,1,1
0.425764949957082,0.512,1,1
0.42716898838208,0.512,1,1
0.389231446622087,0.512,1,1
0.430017116927144,0.512,1,1
0.442190333037543,0.512,1,1
0.432751751304053,0.512,1,1
0.369723777663004,0.512,1,1
0.397432579594,0.512,1,1
0.432466415660753,0.512,1,1
0.383115096324719,0.512,1,1
0.416108941532947,0.512,1,1
0.417305557020592,0.512,1,1
0.412711948056329,0.512,1,1
0.383037113854868,0.512,1,1
0.391708427566202,0.512,1,1
0.369227349392373,0.512,1,1
0.375075573720986,0.512,1,1
0.432078996491116,0.512,1,1
0.404815628993452,0.512,1,1
0.427248189005203,0.512,1,1
0.414550292726312,0.512,1,1
0.406719623735746,0.512,1,1
0.417334669702026,0.512,1,1
0.421202923853543,0.512,1,1
0.427974767295353,0.512,1,1
0.449450869591133,0.512,1,1
0.406727332987211,0.512,1,1
0.406863882797724,0.512,1,1
0.44642521691706,0.512,1,1
0.377799711975213,0.512,1,1
0.427202641598853,0.512,1,1
0.424305817297086,0.512,1,1
0.400593151539985,0.512,1,1
0.419616039269494,0.512,1,1
0.379474727833698,0.512,1,1
0.399225670959366,0.512,1,1
